Handle,Title,Body (HTML),Vendor,Product Category,Type,Tags,Published,Option1 Name,Option1 Value,Variant SKU,Variant Inventory Qty,Variant Price,Variant Compare At Price,Variant Requires Shipping,Variant Taxable,Image Src,SEO Title,SEO Description,Status
110-piece-comprehensive-tool-set-with-crv-24-tooth-ratchet-g-10302,110-piece comprehensive tool set with CRV 24-tooth ratchet,"<p>110-piece comprehensive tool set with CRV 24-tooth ratchet for practical daily work, home repair, and workshop use in Pakistan.</p><ul><li>Practical tool for household and professional use</li><li>Quality checked before dispatch</li><li>Cash on Delivery available where supported</li><li>Suitable for daily maintenance and repair tasks</li></ul>",Pak Home Essentials,Hardware > Tools,Tools & Hardware,"tools-hardware, hand-tools, cod-available, quality-checked, pakistan, daily-use, first-batch, new-arrivals",TRUE,Title,Default Title,G-10302,30,18670,,TRUE,FALSE,,110-piece comprehensive tool set with CRV 24-tooth ratchet in Pakistan,"Buy 110-piece comprehensive tool set with CRV 24-tooth ratchet in Pakistan. Practical, quality checked tools with COD support and reliable daily use value.",active
58-piece-orange-black-box-tool-set-with-24-teeth-zh-zhtz003,58-piece orange-black box tool set with 24 teeth,"<p>58-piece orange-black box tool set with 24 teeth for practical daily work, home repair, and workshop use in Pakistan.</p><ul><li>Practical tool for household and professional use</li><li>Quality checked before dispatch</li><li>Cash on Delivery available where supported</li><li>Suitable for daily maintenance and repair tasks</li></ul>",Pak Home Essentials,Hardware > Tools,Tools & Hardware,"tools-hardware, hand-tools, cod-available, quality-checked, pakistan, daily-use, first-batch, new-arrivals",TRUE,Title,Default Title,ZH-ZHTZ003,30,9080,,TRUE,FALSE,,58-piece orange-black box tool set with 24 teeth in Pakistan | Pak Hom,"Buy 58-piece orange-black box tool set with 24 teeth in Pakistan. Practical, quality checked tools with COD support and reliable daily use value.",active
g-10302-1-2-9-piece-ratchet-long-press-fit-universal-joint-extension-bar-set-s2-h-g-1,G-10302 1/2 9-piece Ratchet Long Press-fit Universal Joint Extension Bar Set S2 H,"<p>G-10302 1/2 9-piece Ratchet Long Press-fit Universal Joint Extension Bar Set S2 H for practical daily work, home repair, and workshop use in Pakistan.</p><ul><li>Practical tool for household and professional use</li><li>Quality checked before dispatch</li><li>Cash on Delivery available where supported</li><li>Suitable for daily maintenance and repair tasks</li></ul>",Pak Home Essentials,Hardware > Tools,Tools & Hardware,"tools-hardware, hand-tools, cod-available, quality-checked, pakistan, daily-use, first-batch, new-arrivals",TRUE,Title,Default Title,G-10302-02,30,3333,,TRUE,FALSE,,G-10302 1/2 9-piece Ratchet Long Press-fit Universal Joint Extension B,"Buy G-10302 1/2 9-piece Ratchet Long Press-fit Universal Joint Extension Bar Set S2 H in Pakistan. Practical, quality checked tools with COD support and reliable daily use value.",active
1-2-61-piece-tool-set-green-box-crv-24-tooth-ratchet-a1-f06102,"1/2 61-piece tool set, green box, CRV, 24-tooth ratchet","<p>1/2 61-piece tool set, green box, CRV, 24-tooth ratchet for practical daily work, home repair, and workshop use in Pakistan.</p><ul><li>Practical tool for household and professional use</li><li>Quality checked before dispatch</li><li>Cash on Delivery available where supported</li><li>Suitable for daily maintenance and repair tasks</li></ul>",Pak Home Essentials,Hardware > Tools,Tools & Hardware,"tools-hardware, hand-tools, cod-available, quality-checked, pakistan, daily-use, first-batch, new-arrivals",TRUE,Title,Default Title,A1-F06102,30,9080,,TRUE,FALSE,,"1/2 61-piece tool set, green box, CRV, 24-tooth ratchet in Pakistan | ","Buy 1/2 61-piece tool set, green box, CRV, 24-tooth ratchet in Pakistan. Practical, quality checked tools with COD support and reliable daily use value.",active
94-piece-tool-set-green-box-crv-24-tooth-ratchet-a1-f09402,"94-piece tool set, green box, CRV, 24-tooth ratchet","<p>94-piece tool set, green box, CRV, 24-tooth ratchet for practical daily work, home repair, and workshop use in Pakistan.</p><ul><li>Practical tool for household and professional use</li><li>Quality checked before dispatch</li><li>Cash on Delivery available where supported</li><li>Suitable for daily maintenance and repair tasks</li></ul>",Pak Home Essentials,Hardware > Tools,Tools & Hardware,"tools-hardware, hand-tools, cod-available, quality-checked, pakistan, daily-use, first-batch, new-arrivals",TRUE,Title,Default Title,A1-F09402,30,9080,,TRUE,FALSE,,"94-piece tool set, green box, CRV, 24-tooth ratchet in Pakistan | Pak ","Buy 94-piece tool set, green box, CRV, 24-tooth ratchet in Pakistan. Practical, quality checked tools with COD support and reliable daily use value.",active
double-open-end-wrench-cloth-bag-8-32mm-mirror-polished-bs-bdjm004,"Double Open-End Wrench, Cloth Bag, 8-32mm, Mirror Polished","<p>Double Open-End Wrench, Cloth Bag, 8-32mm, Mirror Polished for practical daily work, home repair, and workshop use in Pakistan.</p><ul><li>Practical tool for household and professional use</li><li>Quality checked before dispatch</li><li>Cash on Delivery available where supported</li><li>Suitable for daily maintenance and repair tasks</li></ul>",Pak Home Essentials,Hardware > Tools,Tools & Hardware,"tools-hardware, hand-tools, cod-available, quality-checked, pakistan, daily-use, first-batch, new-arrivals",TRUE,Title,Default Title,BS-BDJM004,36,6357,,TRUE,FALSE,,"Double Open-End Wrench, Cloth Bag, 8-32mm, Mirror Polished in Pakistan","Buy Double Open-End Wrench, Cloth Bag, 8-32mm, Mirror Polished in Pakistan. Practical, quality checked tools with COD support and reliable daily use value.",active
double-open-end-wrench-cloth-bag-8-32mm-mirror-polished-bs-bdjm003,"Double Open-End Wrench, Cloth Bag, 8-32mm, Mirror Polished","<p>Double Open-End Wrench, Cloth Bag, 8-32mm, Mirror Polished for practical daily work, home repair, and workshop use in Pakistan.</p><ul><li>Practical tool for household and professional use</li><li>Quality checked before dispatch</li><li>Cash on Delivery available where supported</li><li>Suitable for daily maintenance and repair tasks</li></ul>",Pak Home Essentials,Hardware > Tools,Tools & Hardware,"tools-hardware, hand-tools, cod-available, quality-checked, pakistan, daily-use, first-batch, new-arrivals",TRUE,Title,Default Title,BS-BDJM003,40,4131,,TRUE,FALSE,,"Double Open-End Wrench, Cloth Bag, 8-32mm, Mirror Polished in Pakistan","Buy Double Open-End Wrench, Cloth Bag, 8-32mm, Mirror Polished in Pakistan. Practical, quality checked tools with COD support and reliable daily use value.",active
27-piece-ratchet-screwdriver-fastening-set-s056501,27 - piece ratchet screwdriver fastening set,"<p>27 - piece ratchet screwdriver fastening set for practical daily work, home repair, and workshop use in Pakistan.</p><ul><li>Practical tool for household and professional use</li><li>Quality checked before dispatch</li><li>Cash on Delivery available where supported</li><li>Suitable for daily maintenance and repair tasks</li></ul>",Pak Home Essentials,Hardware > Tools,Tools & Hardware,"tools-hardware, hand-tools, cod-available, quality-checked, pakistan, daily-use, first-batch, new-arrivals",TRUE,Title,Default Title,S056501,30,10948,,TRUE,FALSE,,27 - piece ratchet screwdriver fastening set in Pakistan | Pak Home Es,"Buy 27 - piece ratchet screwdriver fastening set in Pakistan. Practical, quality checked tools with COD support and reliable daily use value.",active
temperature-reducing-vest-011029y,temperature - reducing vest,"<p>temperature - reducing vest for practical daily work, home repair, and workshop use in Pakistan.</p><ul><li>Practical tool for household and professional use</li><li>Quality checked before dispatch</li><li>Cash on Delivery available where supported</li><li>Suitable for daily maintenance and repair tasks</li></ul>",Pak Home Essentials,Hardware > Tools,Tools & Hardware,"tools-hardware, cod-available, quality-checked, pakistan, daily-use, first-batch, new-arrivals",TRUE,Title,Default Title,011029Y,288,23765,,TRUE,FALSE,,temperature - reducing vest in Pakistan | Pak Home Essentials,"Buy temperature - reducing vest in Pakistan. Practical, quality checked tools with COD support and reliable daily use value.",active
temperature-reducing-vest-011030bn,temperature - reducing vest,"<p>temperature - reducing vest for practical daily work, home repair, and workshop use in Pakistan.</p><ul><li>Practical tool for household and professional use</li><li>Quality checked before dispatch</li><li>Cash on Delivery available where supported</li><li>Suitable for daily maintenance and repair tasks</li></ul>",Pak Home Essentials,Hardware > Tools,Tools & Hardware,"tools-hardware, cod-available, quality-checked, pakistan, daily-use, first-batch, new-arrivals",TRUE,Title,Default Title,011030BN,288,11772,,TRUE,FALSE,,temperature - reducing vest in Pakistan | Pak Home Essentials,"Buy temperature - reducing vest in Pakistan. Practical, quality checked tools with COD support and reliable daily use value.",active
deli-dl8081-vacuum-cleaner-5000pa-70w-wired-dl8081,"Deli DL8081 vacuum cleaner, 5000pa, 70W, wired","<p>Deli DL8081 vacuum cleaner, 5000pa, 70W, wired for practical daily work, home repair, and workshop use in Pakistan.</p><ul><li>Practical tool for household and professional use</li><li>Quality checked before dispatch</li><li>Cash on Delivery available where supported</li><li>Suitable for daily maintenance and repair tasks</li></ul>",Pak Home Essentials,Hardware > Tools,Power Tools,"tools-hardware, power-tools, cod-available, quality-checked, pakistan, daily-use, first-batch, new-arrivals",TRUE,Title,Default Title,DL8081,100,5126,,TRUE,FALSE,,"Deli DL8081 vacuum cleaner, 5000pa, 70W, wired in Pakistan | Pak Home ","Buy Deli DL8081 vacuum cleaner, 5000pa, 70W, wired in Pakistan. Practical, quality checked tools with COD support and reliable daily use value.",active
deli-dl8080-vacuum-cleaner-5500pa-75w-wireless-and-portable-dl8080,"Deli DL8080 vacuum cleaner, 5500pa, 75W, wireless and portable","<p>Deli DL8080 vacuum cleaner, 5500pa, 75W, wireless and portable for practical daily work, home repair, and workshop use in Pakistan.</p><ul><li>Practical tool for household and professional use</li><li>Quality checked before dispatch</li><li>Cash on Delivery available where supported</li><li>Suitable for daily maintenance and repair tasks</li></ul>",Pak Home Essentials,Hardware > Tools,Power Tools,"tools-hardware, power-tools, cod-available, quality-checked, pakistan, daily-use, first-batch, new-arrivals",TRUE,Title,Default Title,DL8080,100,10350,,TRUE,FALSE,,"Deli DL8080 vacuum cleaner, 5500pa, 75W, wireless and portable in Paki","Buy Deli DL8080 vacuum cleaner, 5500pa, 75W, wireless and portable in Pakistan. Practical, quality checked tools with COD support and reliable daily use value.",active
vacuum-cleaner-hy-1932,vacuum cleaner,"<p>vacuum cleaner for practical daily work, home repair, and workshop use in Pakistan.</p><ul><li>Practical tool for household and professional use</li><li>Quality checked before dispatch</li><li>Cash on Delivery available where supported</li><li>Suitable for daily maintenance and repair tasks</li></ul>",Pak Home Essentials,Hardware > Tools,Power Tools,"tools-hardware, power-tools, cod-available, quality-checked, pakistan, daily-use, first-batch, new-arrivals",TRUE,Title,Default Title,HY-1932,102,7151,,TRUE,FALSE,,vacuum cleaner in Pakistan | Pak Home Essentials,"Buy vacuum cleaner in Pakistan. Practical, quality checked tools with COD support and reliable daily use value.",active
vacuum-cleaner-hy-1925,vacuum cleaner,"<p>vacuum cleaner for practical daily work, home repair, and workshop use in Pakistan.</p><ul><li>Practical tool for household and professional use</li><li>Quality checked before dispatch</li><li>Cash on Delivery available where supported</li><li>Suitable for daily maintenance and repair tasks</li></ul>",Pak Home Essentials,Hardware > Tools,Power Tools,"tools-hardware, power-tools, cod-available, quality-checked, pakistan, daily-use, first-batch, new-arrivals",TRUE,Title,Default Title,HY-1925,102,7151,,TRUE,FALSE,,vacuum cleaner in Pakistan | Pak Home Essentials,"Buy vacuum cleaner in Pakistan. Practical, quality checked tools with COD support and reliable daily use value.",active
electric-shaver-jpc90040,electric shaver,"<p>electric shaver for practical daily work, home repair, and workshop use in Pakistan.</p><ul><li>Practical tool for household and professional use</li><li>Quality checked before dispatch</li><li>Cash on Delivery available where supported</li><li>Suitable for daily maintenance and repair tasks</li></ul>",Pak Home Essentials,Hardware > Tools,Tools & Hardware,"tools-hardware, cod-available, quality-checked, pakistan, daily-use, first-batch, new-arrivals",TRUE,Title,Default Title,JPC90040,60,2553,,TRUE,FALSE,,electric shaver in Pakistan | Pak Home Essentials,"Buy electric shaver in Pakistan. Practical, quality checked tools with COD support and reliable daily use value.",active
electric-shaver-jpc90054,electric shaver,"<p>electric shaver for practical daily work, home repair, and workshop use in Pakistan.</p><ul><li>Practical tool for household and professional use</li><li>Quality checked before dispatch</li><li>Cash on Delivery available where supported</li><li>Suitable for daily maintenance and repair tasks</li></ul>",Pak Home Essentials,Hardware > Tools,Tools & Hardware,"tools-hardware, cod-available, quality-checked, pakistan, daily-use, first-batch, new-arrivals",TRUE,Title,Default Title,JPC90054,60,1704,,TRUE,FALSE,,electric shaver in Pakistan | Pak Home Essentials,"Buy electric shaver in Pakistan. Practical, quality checked tools with COD support and reliable daily use value.",active
electric-shaver-jpc90035,electric shaver,"<p>electric shaver for practical daily work, home repair, and workshop use in Pakistan.</p><ul><li>Practical tool for household and professional use</li><li>Quality checked before dispatch</li><li>Cash on Delivery available where supported</li><li>Suitable for daily maintenance and repair tasks</li></ul>",Pak Home Essentials,Hardware > Tools,Tools & Hardware,"tools-hardware, cod-available, quality-checked, pakistan, daily-use, first-batch, new-arrivals",TRUE,Title,Default Title,JPC90035,80,1987,,TRUE,FALSE,,electric shaver in Pakistan | Pak Home Essentials,"Buy electric shaver in Pakistan. Practical, quality checked tools with COD support and reliable daily use value.",active
electric-shaver-jpc90034,electric shaver,"<p>electric shaver for practical daily work, home repair, and workshop use in Pakistan.</p><ul><li>Practical tool for household and professional use</li><li>Quality checked before dispatch</li><li>Cash on Delivery available where supported</li><li>Suitable for daily maintenance and repair tasks</li></ul>",Pak Home Essentials,Hardware > Tools,Tools & Hardware,"tools-hardware, cod-available, quality-checked, pakistan, daily-use, first-batch, new-arrivals",TRUE,Title,Default Title,JPC90034,60,3025,,TRUE,FALSE,,electric shaver in Pakistan | Pak Home Essentials,"Buy electric shaver in Pakistan. Practical, quality checked tools with COD support and reliable daily use value.",active
electric-shaver-jpc90021,electric shaver,"<p>electric shaver for practical daily work, home repair, and workshop use in Pakistan.</p><ul><li>Practical tool for household and professional use</li><li>Quality checked before dispatch</li><li>Cash on Delivery available where supported</li><li>Suitable for daily maintenance and repair tasks</li></ul>",Pak Home Essentials,Hardware > Tools,Tools & Hardware,"tools-hardware, cod-available, quality-checked, pakistan, daily-use, first-batch, new-arrivals",TRUE,Title,Default Title,JPC90021,80,4252,,TRUE,FALSE,,electric shaver in Pakistan | Pak Home Essentials,"Buy electric shaver in Pakistan. Practical, quality checked tools with COD support and reliable daily use value.",active
hair-straightener-jpc10005,hair straightener,"<p>hair straightener for practical daily work, home repair, and workshop use in Pakistan.</p><ul><li>Practical tool for household and professional use</li><li>Quality checked before dispatch</li><li>Cash on Delivery available where supported</li><li>Suitable for daily maintenance and repair tasks</li></ul>",Pak Home Essentials,Hardware > Tools,Tools & Hardware,"tools-hardware, cod-available, quality-checked, pakistan, daily-use, first-batch, new-arrivals",TRUE,Title,Default Title,JPC10005,80,2176,,TRUE,FALSE,,hair straightener in Pakistan | Pak Home Essentials,"Buy hair straightener in Pakistan. Practical, quality checked tools with COD support and reliable daily use value.",active
hair-dryer-chinese-jpc37000,hair dryer chinese,"<p>hair dryer chinese for practical daily work, home repair, and workshop use in Pakistan.</p><ul><li>Practical tool for household and professional use</li><li>Quality checked before dispatch</li><li>Cash on Delivery available where supported</li><li>Suitable for daily maintenance and repair tasks</li></ul>",Pak Home Essentials,Hardware > Tools,Tools & Hardware,"tools-hardware, cod-available, quality-checked, pakistan, daily-use, first-batch, new-arrivals",TRUE,Title,Default Title,JPC37000,96,2176,,TRUE,FALSE,,hair dryer chinese in Pakistan | Pak Home Essentials,"Buy hair dryer chinese in Pakistan. Practical, quality checked tools with COD support and reliable daily use value.",active
hair-dryer-jmakay-jpc30294,hair dryer jmakay,"<p>hair dryer jmakay for practical daily work, home repair, and workshop use in Pakistan.</p><ul><li>Practical tool for household and professional use</li><li>Quality checked before dispatch</li><li>Cash on Delivery available where supported</li><li>Suitable for daily maintenance and repair tasks</li></ul>",Pak Home Essentials,Hardware > Tools,Tools & Hardware,"tools-hardware, cod-available, quality-checked, pakistan, daily-use, first-batch, new-arrivals",TRUE,Title,Default Title,JPC30294,96,2836,,TRUE,FALSE,,hair dryer jmakay in Pakistan | Pak Home Essentials,"Buy hair dryer jmakay in Pakistan. Practical, quality checked tools with COD support and reliable daily use value.",active
body-scale-hy-5007,body scale,"<p>body scale for practical daily work, home repair, and workshop use in Pakistan.</p><ul><li>Practical tool for household and professional use</li><li>Quality checked before dispatch</li><li>Cash on Delivery available where supported</li><li>Suitable for daily maintenance and repair tasks</li></ul>",Pak Home Essentials,Hardware > Tools,Tools & Hardware,"tools-hardware, cod-available, quality-checked, pakistan, daily-use, first-batch, new-arrivals",TRUE,Title,Default Title,HY-5007,70,2383,,TRUE,FALSE,,body scale in Pakistan | Pak Home Essentials,"Buy body scale in Pakistan. Practical, quality checked tools with COD support and reliable daily use value.",active
bluetooth-earphones-ows-lx-ows02,Bluetooth earphones,"<p>Bluetooth earphones for practical daily work, home repair, and workshop use in Pakistan.</p><ul><li>Practical tool for household and professional use</li><li>Quality checked before dispatch</li><li>Cash on Delivery available where supported</li><li>Suitable for daily maintenance and repair tasks</li></ul>",Pak Home Essentials,Hardware > Tools,Tools & Hardware,"tools-hardware, cod-available, quality-checked, pakistan, daily-use, first-batch, new-arrivals",TRUE,Title,Default Title,OWS-LX-OWS02,100,3974,,TRUE,FALSE,,Bluetooth earphones in Pakistan | Pak Home Essentials,"Buy Bluetooth earphones in Pakistan. Practical, quality checked tools with COD support and reliable daily use value.",active
bluetooth-earphones-nc3295,Bluetooth earphones,"<p>Bluetooth earphones for practical daily work, home repair, and workshop use in Pakistan.</p><ul><li>Practical tool for household and professional use</li><li>Quality checked before dispatch</li><li>Cash on Delivery available where supported</li><li>Suitable for daily maintenance and repair tasks</li></ul>",Pak Home Essentials,Hardware > Tools,Tools & Hardware,"tools-hardware, cod-available, quality-checked, pakistan, daily-use, first-batch, new-arrivals",TRUE,Title,Default Title,NC3295,100,1656,,TRUE,FALSE,,Bluetooth earphones in Pakistan | Pak Home Essentials,"Buy Bluetooth earphones in Pakistan. Practical, quality checked tools with COD support and reliable daily use value.",active
bluetooth-earphones-isb-250522-m-01,Bluetooth earphones,"<p>Bluetooth earphones for practical daily work, home repair, and workshop use in Pakistan.</p><ul><li>Practical tool for household and professional use</li><li>Quality checked before dispatch</li><li>Cash on Delivery available where supported</li><li>Suitable for daily maintenance and repair tasks</li></ul>",Pak Home Essentials,Hardware > Tools,Tools & Hardware,"tools-hardware, cod-available, quality-checked, pakistan, daily-use, first-batch, new-arrivals",TRUE,Title,Default Title,ISB-250522-M-01,100,1838,,TRUE,FALSE,,Bluetooth earphones in Pakistan | Pak Home Essentials,"Buy Bluetooth earphones in Pakistan. Practical, quality checked tools with COD support and reliable daily use value.",active
bluetooth-earphones-isb-250522-m-02,Bluetooth earphones,"<p>Bluetooth earphones for practical daily work, home repair, and workshop use in Pakistan.</p><ul><li>Practical tool for household and professional use</li><li>Quality checked before dispatch</li><li>Cash on Delivery available where supported</li><li>Suitable for daily maintenance and repair tasks</li></ul>",Pak Home Essentials,Hardware > Tools,Tools & Hardware,"tools-hardware, cod-available, quality-checked, pakistan, daily-use, first-batch, new-arrivals",TRUE,Title,Default Title,ISB-250522-M-02,100,2276,,TRUE,FALSE,,Bluetooth earphones in Pakistan | Pak Home Essentials,"Buy Bluetooth earphones in Pakistan. Practical, quality checked tools with COD support and reliable daily use value.",active
bluetooth-watch-y-s9-watch-max,Bluetooth watch,"<p>Bluetooth watch for practical daily work, home repair, and workshop use in Pakistan.</p><ul><li>Practical tool for household and professional use</li><li>Quality checked before dispatch</li><li>Cash on Delivery available where supported</li><li>Suitable for daily maintenance and repair tasks</li></ul>",Pak Home Essentials,Hardware > Tools,Tools & Hardware,"tools-hardware, cod-available, quality-checked, pakistan, daily-use, first-batch, new-arrivals",TRUE,Title,Default Title,Y-S9-WATCH-MAX,100,2141,,TRUE,FALSE,,Bluetooth watch in Pakistan | Pak Home Essentials,"Buy Bluetooth watch in Pakistan. Practical, quality checked tools with COD support and reliable daily use value.",active
bluetooth-watch-t800-ultra-tws,Bluetooth watch,"<p>Bluetooth watch for practical daily work, home repair, and workshop use in Pakistan.</p><ul><li>Practical tool for household and professional use</li><li>Quality checked before dispatch</li><li>Cash on Delivery available where supported</li><li>Suitable for daily maintenance and repair tasks</li></ul>",Pak Home Essentials,Hardware > Tools,Tools & Hardware,"tools-hardware, cod-available, quality-checked, pakistan, daily-use, first-batch, new-arrivals",TRUE,Title,Default Title,T800-ULTRA-TWS,100,2651,,TRUE,FALSE,,Bluetooth watch in Pakistan | Pak Home Essentials,"Buy Bluetooth watch in Pakistan. Practical, quality checked tools with COD support and reliable daily use value.",active
bluetooth-watch-neo-18-plus,Bluetooth watch,"<p>Bluetooth watch for practical daily work, home repair, and workshop use in Pakistan.</p><ul><li>Practical tool for household and professional use</li><li>Quality checked before dispatch</li><li>Cash on Delivery available where supported</li><li>Suitable for daily maintenance and repair tasks</li></ul>",Pak Home Essentials,Hardware > Tools,Tools & Hardware,"tools-hardware, cod-available, quality-checked, pakistan, daily-use, first-batch, new-arrivals",TRUE,Title,Default Title,NEO-18-PLUS,40,3157,,TRUE,FALSE,,Bluetooth watch in Pakistan | Pak Home Essentials,"Buy Bluetooth watch in Pakistan. Practical, quality checked tools with COD support and reliable daily use value.",active
computer-stand-l-c-004,computer stand,"<p>computer stand for practical daily work, home repair, and workshop use in Pakistan.</p><ul><li>Practical tool for household and professional use</li><li>Quality checked before dispatch</li><li>Cash on Delivery available where supported</li><li>Suitable for daily maintenance and repair tasks</li></ul>",Pak Home Essentials,Hardware > Tools,Tools & Hardware,"tools-hardware, cod-available, quality-checked, pakistan, daily-use, first-batch, new-arrivals",TRUE,Title,Default Title,L-C-004,100,1505,,TRUE,FALSE,,computer stand in Pakistan | Pak Home Essentials,"Buy computer stand in Pakistan. Practical, quality checked tools with COD support and reliable daily use value.",active
c07-22-5w-single-port-charger-a240w,C07 22.5W single-port charger,"<p>C07 22.5W single-port charger for practical daily work, home repair, and workshop use in Pakistan.</p><ul><li>Practical tool for household and professional use</li><li>Quality checked before dispatch</li><li>Cash on Delivery available where supported</li><li>Suitable for daily maintenance and repair tasks</li></ul>",Pak Home Essentials,Hardware > Tools,Tools & Hardware,"tools-hardware, cod-available, quality-checked, pakistan, daily-use, first-batch, new-arrivals",TRUE,Title,Default Title,A240W,50,919,,TRUE,FALSE,,C07 22.5W single-port charger in Pakistan | Pak Home Essentials,"Buy C07 22.5W single-port charger in Pakistan. Practical, quality checked tools with COD support and reliable daily use value.",active
2-liter-3-speed-meat-grinder-sc-8302s,2 - liter 3 - speed meat grinder,"<p>2 - liter 3 - speed meat grinder for practical daily work, home repair, and workshop use in Pakistan.</p><ul><li>Practical tool for household and professional use</li><li>Quality checked before dispatch</li><li>Cash on Delivery available where supported</li><li>Suitable for daily maintenance and repair tasks</li></ul>",Pak Home Essentials,Hardware > Tools,Power Tools,"tools-hardware, power-tools, cod-available, quality-checked, pakistan, daily-use, first-batch, new-arrivals",TRUE,Title,Default Title,SC-8302S,40,2414,,TRUE,FALSE,,2 - liter 3 - speed meat grinder in Pakistan | Pak Home Essentials,"Buy 2 - liter 3 - speed meat grinder in Pakistan. Practical, quality checked tools with COD support and reliable daily use value.",active
2-liter-5-speed-meat-grinder-sc-8502,2 - liter 5 - speed meat grinder,"<p>2 - liter 5 - speed meat grinder for practical daily work, home repair, and workshop use in Pakistan.</p><ul><li>Practical tool for household and professional use</li><li>Quality checked before dispatch</li><li>Cash on Delivery available where supported</li><li>Suitable for daily maintenance and repair tasks</li></ul>",Pak Home Essentials,Hardware > Tools,Power Tools,"tools-hardware, power-tools, cod-available, quality-checked, pakistan, daily-use, first-batch, new-arrivals",TRUE,Title,Default Title,SC-8502,40,2586,,TRUE,FALSE,,2 - liter 5 - speed meat grinder in Pakistan | Pak Home Essentials,"Buy 2 - liter 5 - speed meat grinder in Pakistan. Practical, quality checked tools with COD support and reliable daily use value.",active
food-chopper-sc-8303b,food chopper,"<p>food chopper for practical daily work, home repair, and workshop use in Pakistan.</p><ul><li>Practical tool for household and professional use</li><li>Quality checked before dispatch</li><li>Cash on Delivery available where supported</li><li>Suitable for daily maintenance and repair tasks</li></ul>",Pak Home Essentials,Hardware > Tools,Tools & Hardware,"tools-hardware, cod-available, quality-checked, pakistan, daily-use, first-batch, new-arrivals",TRUE,Title,Default Title,SC-8303B,48,3469,,TRUE,FALSE,,food chopper in Pakistan | Pak Home Essentials,"Buy food chopper in Pakistan. Practical, quality checked tools with COD support and reliable daily use value.",active
meat-grinder-hy-1242,meat grinder,"<p>meat grinder for practical daily work, home repair, and workshop use in Pakistan.</p><ul><li>Practical tool for household and professional use</li><li>Quality checked before dispatch</li><li>Cash on Delivery available where supported</li><li>Suitable for daily maintenance and repair tasks</li></ul>",Pak Home Essentials,Hardware > Tools,Power Tools,"tools-hardware, power-tools, cod-available, quality-checked, pakistan, daily-use, first-batch, new-arrivals",TRUE,Title,Default Title,HY-1242,48,4666,,TRUE,FALSE,,meat grinder in Pakistan | Pak Home Essentials,"Buy meat grinder in Pakistan. Practical, quality checked tools with COD support and reliable daily use value.",active
air-fryer-cy-8008-ed,air fryer,"<p>air fryer for practical daily work, home repair, and workshop use in Pakistan.</p><ul><li>Practical tool for household and professional use</li><li>Quality checked before dispatch</li><li>Cash on Delivery available where supported</li><li>Suitable for daily maintenance and repair tasks</li></ul>",Pak Home Essentials,Hardware > Tools,Tools & Hardware,"tools-hardware, cod-available, quality-checked, pakistan, daily-use, first-batch, new-arrivals",TRUE,Title,Default Title,CY-8008-ED,48,7282,,TRUE,FALSE,,air fryer in Pakistan | Pak Home Essentials,"Buy air fryer in Pakistan. Practical, quality checked tools with COD support and reliable daily use value.",active
air-fryer-dr-kqzx08,air fryer,"<p>air fryer for practical daily work, home repair, and workshop use in Pakistan.</p><ul><li>Practical tool for household and professional use</li><li>Quality checked before dispatch</li><li>Cash on Delivery available where supported</li><li>Suitable for daily maintenance and repair tasks</li></ul>",Pak Home Essentials,Hardware > Tools,Tools & Hardware,"tools-hardware, cod-available, quality-checked, pakistan, daily-use, first-batch, new-arrivals",TRUE,Title,Default Title,DR-KQZX08,50,15796,,TRUE,FALSE,,air fryer in Pakistan | Pak Home Essentials,"Buy air fryer in Pakistan. Practical, quality checked tools with COD support and reliable daily use value.",active
electronic-scale-hy-5019,electronic scale,"<p>electronic scale for practical daily work, home repair, and workshop use in Pakistan.</p><ul><li>Practical tool for household and professional use</li><li>Quality checked before dispatch</li><li>Cash on Delivery available where supported</li><li>Suitable for daily maintenance and repair tasks</li></ul>",Pak Home Essentials,Hardware > Tools,Tools & Hardware,"tools-hardware, cod-available, quality-checked, pakistan, daily-use, first-batch, new-arrivals",TRUE,Title,Default Title,HY-5019,68,1141,,TRUE,FALSE,,electronic scale in Pakistan | Pak Home Essentials,"Buy electronic scale in Pakistan. Practical, quality checked tools with COD support and reliable daily use value.",active
juice-extractor-sc-242,juice extractor,"<p>juice extractor for practical daily work, home repair, and workshop use in Pakistan.</p><ul><li>Practical tool for household and professional use</li><li>Quality checked before dispatch</li><li>Cash on Delivery available where supported</li><li>Suitable for daily maintenance and repair tasks</li></ul>",Pak Home Essentials,Hardware > Tools,Tools & Hardware,"tools-hardware, cod-available, quality-checked, pakistan, daily-use, first-batch, new-arrivals",TRUE,Title,Default Title,SC-242,48,3515,,TRUE,FALSE,,juice extractor in Pakistan | Pak Home Essentials,"Buy juice extractor in Pakistan. Practical, quality checked tools with COD support and reliable daily use value.",active
juice-extractor-sc-y4401,juice extractor,"<p>juice extractor for practical daily work, home repair, and workshop use in Pakistan.</p><ul><li>Practical tool for household and professional use</li><li>Quality checked before dispatch</li><li>Cash on Delivery available where supported</li><li>Suitable for daily maintenance and repair tasks</li></ul>",Pak Home Essentials,Hardware > Tools,Tools & Hardware,"tools-hardware, cod-available, quality-checked, pakistan, daily-use, first-batch, new-arrivals",TRUE,Title,Default Title,SC-Y4401,48,6626,,TRUE,FALSE,,juice extractor in Pakistan | Pak Home Essentials,"Buy juice extractor in Pakistan. Practical, quality checked tools with COD support and reliable daily use value.",active
juice-extractor-hy-2937,juice extractor,"<p>juice extractor for practical daily work, home repair, and workshop use in Pakistan.</p><ul><li>Practical tool for household and professional use</li><li>Quality checked before dispatch</li><li>Cash on Delivery available where supported</li><li>Suitable for daily maintenance and repair tasks</li></ul>",Pak Home Essentials,Hardware > Tools,Tools & Hardware,"tools-hardware, cod-available, quality-checked, pakistan, daily-use, first-batch, new-arrivals",TRUE,Title,Default Title,HY-2937,60,4353,,TRUE,FALSE,,juice extractor in Pakistan | Pak Home Essentials,"Buy juice extractor in Pakistan. Practical, quality checked tools with COD support and reliable daily use value.",active
electric-rice-cooker-hy-2205,electric rice cooker,"<p>electric rice cooker for practical daily work, home repair, and workshop use in Pakistan.</p><ul><li>Practical tool for household and professional use</li><li>Quality checked before dispatch</li><li>Cash on Delivery available where supported</li><li>Suitable for daily maintenance and repair tasks</li></ul>",Pak Home Essentials,Home & Garden > Kitchen & Dining,Kitchen Appliances,"kitchen-appliances, cod-available, quality-checked, pakistan, daily-use, first-batch, new-arrivals",TRUE,Title,Default Title,HY-2205,3,8812,,TRUE,FALSE,,electric rice cooker in Pakistan | Pak Home Essentials,"Buy electric rice cooker in Pakistan. Practical, quality checked tools with COD support and reliable daily use value.",active
electric-pressure-cooker-sc-s6817,electric pressure cooker,"<p>electric pressure cooker for practical daily work, home repair, and workshop use in Pakistan.</p><ul><li>Practical tool for household and professional use</li><li>Quality checked before dispatch</li><li>Cash on Delivery available where supported</li><li>Suitable for daily maintenance and repair tasks</li></ul>",Pak Home Essentials,Home & Garden > Kitchen & Dining,Kitchen Appliances,"kitchen-appliances, cod-available, quality-checked, pakistan, daily-use, first-batch, new-arrivals",TRUE,Title,Default Title,SC-S6817,52,17241,,TRUE,FALSE,,electric pressure cooker in Pakistan | Pak Home Essentials,"Buy electric pressure cooker in Pakistan. Practical, quality checked tools with COD support and reliable daily use value.",active
food-processor-he-133,food processor,"<p>food processor for practical daily work, home repair, and workshop use in Pakistan.</p><ul><li>Practical tool for household and professional use</li><li>Quality checked before dispatch</li><li>Cash on Delivery available where supported</li><li>Suitable for daily maintenance and repair tasks</li></ul>",Pak Home Essentials,Hardware > Tools,Tools & Hardware,"tools-hardware, cod-available, quality-checked, pakistan, daily-use, first-batch, new-arrivals",TRUE,Title,Default Title,HE-133,48,1732,,TRUE,FALSE,,food processor in Pakistan | Pak Home Essentials,"Buy food processor in Pakistan. Practical, quality checked tools with COD support and reliable daily use value.",active
electric-griddle-sc-558g,electric griddle,"<p>electric griddle for practical daily work, home repair, and workshop use in Pakistan.</p><ul><li>Practical tool for household and professional use</li><li>Quality checked before dispatch</li><li>Cash on Delivery available where supported</li><li>Suitable for daily maintenance and repair tasks</li></ul>",Pak Home Essentials,Hardware > Tools,Tools & Hardware,"tools-hardware, cod-available, quality-checked, pakistan, daily-use, first-batch, new-arrivals",TRUE,Title,Default Title,SC-558G,50,3257,,TRUE,FALSE,,electric griddle in Pakistan | Pak Home Essentials,"Buy electric griddle in Pakistan. Practical, quality checked tools with COD support and reliable daily use value.",active
electric-water-kettle-sc-20a,electric water kettle,"<p>electric water kettle for practical daily work, home repair, and workshop use in Pakistan.</p><ul><li>Practical tool for household and professional use</li><li>Quality checked before dispatch</li><li>Cash on Delivery available where supported</li><li>Suitable for daily maintenance and repair tasks</li></ul>",Pak Home Essentials,Hardware > Tools,Tools & Hardware,"tools-hardware, cod-available, quality-checked, pakistan, daily-use, first-batch, new-arrivals",TRUE,Title,Default Title,SC-20A,48,1283,,TRUE,FALSE,,electric water kettle in Pakistan | Pak Home Essentials,"Buy electric water kettle in Pakistan. Practical, quality checked tools with COD support and reliable daily use value.",active
electric-water-kettle-sc-168gk,electric water kettle,"<p>electric water kettle for practical daily work, home repair, and workshop use in Pakistan.</p><ul><li>Practical tool for household and professional use</li><li>Quality checked before dispatch</li><li>Cash on Delivery available where supported</li><li>Suitable for daily maintenance and repair tasks</li></ul>",Pak Home Essentials,Hardware > Tools,Tools & Hardware,"tools-hardware, cod-available, quality-checked, pakistan, daily-use, first-batch, new-arrivals",TRUE,Title,Default Title,SC-168GK,48,2040,,TRUE,FALSE,,electric water kettle in Pakistan | Pak Home Essentials,"Buy electric water kettle in Pakistan. Practical, quality checked tools with COD support and reliable daily use value.",active
haley-vaccum-cleaner,haley vaccum cleaner,"<p>haley vaccum cleaner for practical daily work, home repair, and workshop use in Pakistan.</p><ul><li>Practical tool for household and professional use</li><li>Quality checked before dispatch</li><li>Cash on Delivery available where supported</li><li>Suitable for daily maintenance and repair tasks</li></ul>",Pak Home Essentials,Hardware > Tools,Tools & Hardware,"tools-hardware, cod-available, quality-checked, pakistan, daily-use, first-batch, new-arrivals",TRUE,Title,Default Title,PHE-TH-001,0,7500,,TRUE,FALSE,,haley vaccum cleaner in Pakistan | Pak Home Essentials,"Buy haley vaccum cleaner in Pakistan. Practical, quality checked tools with COD support and reliable daily use value.",active
haley-vaccum-cleaner-single-brush,haley vaccum cleaner single brush,"<p>haley vaccum cleaner single brush for practical daily work, home repair, and workshop use in Pakistan.</p><ul><li>Practical tool for household and professional use</li><li>Quality checked before dispatch</li><li>Cash on Delivery available where supported</li><li>Suitable for daily maintenance and repair tasks</li></ul>",Pak Home Essentials,Hardware > Tools,Tools & Hardware,"tools-hardware, cod-available, quality-checked, pakistan, daily-use, first-batch, new-arrivals",TRUE,Title,Default Title,PHE-TH-002,0,56999,,TRUE,FALSE,,haley vaccum cleaner single brush in Pakistan | Pak Home Essentials,"Buy haley vaccum cleaner single brush in Pakistan. Practical, quality checked tools with COD support and reliable daily use value.",active
haley-vaccum-cleaner-double-brush,haley vaccum cleaner double brush,"<p>haley vaccum cleaner double brush for practical daily work, home repair, and workshop use in Pakistan.</p><ul><li>Practical tool for household and professional use</li><li>Quality checked before dispatch</li><li>Cash on Delivery available where supported</li><li>Suitable for daily maintenance and repair tasks</li></ul>",Pak Home Essentials,Hardware > Tools,Tools & Hardware,"tools-hardware, cod-available, quality-checked, pakistan, daily-use, first-batch, new-arrivals",TRUE,Title,Default Title,PHE-TH-003,0,86999,,TRUE,FALSE,,haley vaccum cleaner double brush in Pakistan | Pak Home Essentials,"Buy haley vaccum cleaner double brush in Pakistan. Practical, quality checked tools with COD support and reliable daily use value.",active
intelegent-robot-cleaner,intelegent robot cleaner,"<p>intelegent robot cleaner for practical daily work, home repair, and workshop use in Pakistan.</p><ul><li>Practical tool for household and professional use</li><li>Quality checked before dispatch</li><li>Cash on Delivery available where supported</li><li>Suitable for daily maintenance and repair tasks</li></ul>",Pak Home Essentials,Hardware > Tools,Power Tools,"tools-hardware, power-tools, cod-available, quality-checked, pakistan, daily-use, first-batch, new-arrivals",TRUE,Title,Default Title,PHE-TH-004,0,46999,,TRUE,FALSE,,intelegent robot cleaner in Pakistan | Pak Home Essentials,"Buy intelegent robot cleaner in Pakistan. Practical, quality checked tools with COD support and reliable daily use value.",active
coffee-maker-auto,coffee maker auto,"<p>coffee maker auto for practical daily work, home repair, and workshop use in Pakistan.</p><ul><li>Practical tool for household and professional use</li><li>Quality checked before dispatch</li><li>Cash on Delivery available where supported</li><li>Suitable for daily maintenance and repair tasks</li></ul>",Pak Home Essentials,Home & Garden > Kitchen & Dining,Kitchen Appliances,"kitchen-appliances, cod-available, quality-checked, pakistan, daily-use, first-batch, new-arrivals",TRUE,Title,Default Title,PHE-TH-005,0,8500,,TRUE,FALSE,,coffee maker auto in Pakistan | Pak Home Essentials,"Buy coffee maker auto in Pakistan. Practical, quality checked tools with COD support and reliable daily use value.",active
turkish-coffee-pot,turkish coffee pot,"<p>turkish coffee pot for practical daily work, home repair, and workshop use in Pakistan.</p><ul><li>Practical tool for household and professional use</li><li>Quality checked before dispatch</li><li>Cash on Delivery available where supported</li><li>Suitable for daily maintenance and repair tasks</li></ul>",Pak Home Essentials,Home & Garden > Kitchen & Dining,Kitchen Appliances,"kitchen-appliances, cod-available, quality-checked, pakistan, daily-use, first-batch, new-arrivals",TRUE,Title,Default Title,PHE-TH-006,0,3399,,TRUE,FALSE,,turkish coffee pot in Pakistan | Pak Home Essentials,"Buy turkish coffee pot in Pakistan. Practical, quality checked tools with COD support and reliable daily use value.",active
speaker-bluetooth,speaker bluetooth,"<p>speaker bluetooth for practical daily work, home repair, and workshop use in Pakistan.</p><ul><li>Practical tool for household and professional use</li><li>Quality checked before dispatch</li><li>Cash on Delivery available where supported</li><li>Suitable for daily maintenance and repair tasks</li></ul>",Pak Home Essentials,Hardware > Tools,Tools & Hardware,"tools-hardware, cod-available, quality-checked, pakistan, daily-use, first-batch, new-arrivals",TRUE,Title,Default Title,PHE-TH-007,0,1699,,TRUE,FALSE,,speaker bluetooth in Pakistan | Pak Home Essentials,"Buy speaker bluetooth in Pakistan. Practical, quality checked tools with COD support and reliable daily use value.",active
steam-iron,steam iron,"<p>steam iron for practical daily work, home repair, and workshop use in Pakistan.</p><ul><li>Practical tool for household and professional use</li><li>Quality checked before dispatch</li><li>Cash on Delivery available where supported</li><li>Suitable for daily maintenance and repair tasks</li></ul>",Pak Home Essentials,Hardware > Tools,Tools & Hardware,"tools-hardware, cod-available, quality-checked, pakistan, daily-use, first-batch, new-arrivals",TRUE,Title,Default Title,PHE-TH-008,0,2699,,TRUE,FALSE,,steam iron in Pakistan | Pak Home Essentials,"Buy steam iron in Pakistan. Practical, quality checked tools with COD support and reliable daily use value.",active
electric-pressure-cooker,electric pressure cooker,"<p>electric pressure cooker for practical daily work, home repair, and workshop use in Pakistan.</p><ul><li>Practical tool for household and professional use</li><li>Quality checked before dispatch</li><li>Cash on Delivery available where supported</li><li>Suitable for daily maintenance and repair tasks</li></ul>",Pak Home Essentials,Home & Garden > Kitchen & Dining,Kitchen Appliances,"kitchen-appliances, cod-available, quality-checked, pakistan, daily-use, first-batch, new-arrivals",TRUE,Title,Default Title,PHE-TH-009,0,19599,,TRUE,FALSE,,electric pressure cooker in Pakistan | Pak Home Essentials,"Buy electric pressure cooker in Pakistan. Practical, quality checked tools with COD support and reliable daily use value.",active
kitchen-scale,kitchen scale,"<p>kitchen scale for practical daily work, home repair, and workshop use in Pakistan.</p><ul><li>Practical tool for household and professional use</li><li>Quality checked before dispatch</li><li>Cash on Delivery available where supported</li><li>Suitable for daily maintenance and repair tasks</li></ul>",Pak Home Essentials,Home & Garden > Kitchen & Dining,Kitchen Appliances,"kitchen-appliances, cod-available, quality-checked, pakistan, daily-use, first-batch, new-arrivals",TRUE,Title,Default Title,PHE-TH-010,0,1199,,TRUE,FALSE,,kitchen scale in Pakistan | Pak Home Essentials,"Buy kitchen scale in Pakistan. Practical, quality checked tools with COD support and reliable daily use value.",active
meat-mincer,meat mincer,"<p>meat mincer for practical daily work, home repair, and workshop use in Pakistan.</p><ul><li>Practical tool for household and professional use</li><li>Quality checked before dispatch</li><li>Cash on Delivery available where supported</li><li>Suitable for daily maintenance and repair tasks</li></ul>",Pak Home Essentials,Home & Garden > Kitchen & Dining,Kitchen Appliances,"kitchen-appliances, cod-available, quality-checked, pakistan, daily-use, first-batch, new-arrivals",TRUE,Title,Default Title,PHE-TH-011,0,12500,,TRUE,FALSE,,meat mincer in Pakistan | Pak Home Essentials,"Buy meat mincer in Pakistan. Practical, quality checked tools with COD support and reliable daily use value.",active
meat-mincer-2,meat mincer,"<p>meat mincer for practical daily work, home repair, and workshop use in Pakistan.</p><ul><li>Practical tool for household and professional use</li><li>Quality checked before dispatch</li><li>Cash on Delivery available where supported</li><li>Suitable for daily maintenance and repair tasks</li></ul>",Pak Home Essentials,Home & Garden > Kitchen & Dining,Kitchen Appliances,"kitchen-appliances, cod-available, quality-checked, pakistan, daily-use, first-batch, new-arrivals",TRUE,Title,Default Title,PHE-TH-012,0,10500,,TRUE,FALSE,,meat mincer in Pakistan | Pak Home Essentials,"Buy meat mincer in Pakistan. Practical, quality checked tools with COD support and reliable daily use value.",active
electric-rice-cooker,electric rice cooker,"<p>electric rice cooker for practical daily work, home repair, and workshop use in Pakistan.</p><ul><li>Practical tool for household and professional use</li><li>Quality checked before dispatch</li><li>Cash on Delivery available where supported</li><li>Suitable for daily maintenance and repair tasks</li></ul>",Pak Home Essentials,Home & Garden > Kitchen & Dining,Kitchen Appliances,"kitchen-appliances, cod-available, quality-checked, pakistan, daily-use, first-batch, new-arrivals",TRUE,Title,Default Title,PHE-TH-013,0,10399,,TRUE,FALSE,,electric rice cooker in Pakistan | Pak Home Essentials,"Buy electric rice cooker in Pakistan. Practical, quality checked tools with COD support and reliable daily use value.",active
oven,oven,"<p>oven for practical daily work, home repair, and workshop use in Pakistan.</p><ul><li>Practical tool for household and professional use</li><li>Quality checked before dispatch</li><li>Cash on Delivery available where supported</li><li>Suitable for daily maintenance and repair tasks</li></ul>",Pak Home Essentials,Home & Garden > Kitchen & Dining,Kitchen Appliances,"kitchen-appliances, cod-available, quality-checked, pakistan, daily-use, first-batch, new-arrivals",TRUE,Title,Default Title,PHE-TH-014,0,15500,,TRUE,FALSE,,oven in Pakistan | Pak Home Essentials,"Buy oven in Pakistan. Practical, quality checked tools with COD support and reliable daily use value.",active
